split,dataset,t,cohort,cause,diag_target_rank,diag_source_rank,local_density_pred,competitor_margin_diag,n_cands_on_target,gt_source_id,gt_target_id,gt_blended_prob,gt_blended_logit,gt_seed1_logit,gt_seed2_logit,gt_seed1_prob,gt_seed2_prob,gt_source_rank,gt_target_rank,gt_dist_um,gt_dz_um,gt_dy_um,gt_dx_um,comp_source_id,comp_target_id,comp_blended_prob,comp_blended_logit,comp_seed1_logit,comp_seed2_logit,comp_seed1_prob,comp_seed2_prob,comp_source_rank,comp_target_rank,comp_dist_um,comp_dz_um,comp_dy_um,comp_dx_um,d_blended_prob,d_blended_logit,d_seed1_logit,d_seed2_logit,d_seed1_prob,d_seed2_prob,d_dist_um,gt_seed_disagree,comp_seed_disagree,d_seed_disagree,seed1_prefers_gt,seed2_prefers_gt,seeds_agree_gt,seeds_agree_comp,seed_conflict,gt_closer,alpha_flip_any,alpha_flip_count,alpha_flip_min,alpha_flip_max,gt_wins_at_0_5
fixed8,44b6_e57ff5c6,37,ranking_fail,scorer_ranking,3,3,9.0,0.2324616312980651,16,8924,9266,0.2115536630153656,0.5351352691650391,0.006557732820510864,1.0637128353118896,0.08860666304826736,0.3753384053707123,3,3,13.498263777241872,-1.625,13.0,-3.25,8912,9266,0.4440152943134308,1.2765156030654907,2.018556833267212,0.5344743728637695,0.6626229882240295,0.22109434008598328,1,1,7.621925609713073,3.25,4.875,-4.875,-0.23246163129806519,-0.7413803339004517,-2.011999100446701,0.5292384624481201,-0.5740163251757622,0.154244065284729,5.876338167528799,0.2867317423224449,0.44152864813804626,-0.15479690581560135,0,1,0,0,1,0,1,5,0.0,0.2,0
fixed8,44b6_e57ff5c6,55,ranking_fail,scorer_ranking,2,2,13.0,0.0892750322818756,26,15462,15800,0.2195555567741394,-0.859057605266571,-0.7268764972686768,-0.9912387132644653,0.18147672712802887,0.21683700382709503,2,2,9.334914300624297,3.25,8.125,-3.25,15468,15800,0.308830589056015,-0.5178700685501099,-0.2944304347038269,-0.7413097620010376,0.2796596884727478,0.2784044146537781,2,1,3.6336104634371584,0.0,1.625,3.25,-0.08927503228187561,-0.3411875367164612,-0.43244606256484985,-0.24992895126342773,-0.09818296134471893,-0.061567410826683044,5.7013038371871385,0.03536027669906616,0.0012552738189697266,0.034105002880096436,0,0,0,1,0,0,0,0,,,0
fixed8,44b6_e57ff5c6,68,ranking_fail,scorer_ranking,2,1,13.0,0.0086415112018585,16,19092,19301,0.4779123365879059,1.3980846405029297,1.651430606842041,1.144738793373108,0.5285876989364624,0.42310306429862976,1,2,3.25,-3.25,0.0,0.0,19087,19301,0.4865538477897644,1.4160048961639404,1.4640134572982788,1.3679964542388916,0.43825092911720276,0.5289391875267029,1,1,0.0,0.0,0.0,0.0,-0.00864151120185852,-0.017920255661010742,0.1874171495437622,-0.2232576608657837,0.09033676981925964,-0.10583612322807312,3.25,0.10548463463783264,0.09068825840950012,0.01479637622833252,1,0,0,0,1,0,1,10,0.55,1.0,0
fixed8,44b6_e57ff5c6,89,ranking_fail,scorer_ranking,2,2,6.0,0.0130838751792907,16,22867,23000,0.48886555433273315,1.2991421222686768,1.3314980268478394,1.2667862176895142,0.4977511167526245,0.4788510799407959,2,2,2.2980970388562794,0.0,-1.625,-1.625,22870,23000,0.5019494295120239,1.3255538940429688,1.3235785961151123,1.3275290727615356,0.4938248097896576,0.5088394284248352,1,1,5.138701197773616,-4.875,-1.625,0.0,-0.013083875179290771,-0.026411771774291992,0.00791943073272705,-0.060742855072021484,0.003926306962966919,-0.029988348484039307,-2.840604158917337,0.018900036811828613,0.015014618635177612,0.003885418176651001,1,0,0,0,1,1,1,3,0.9,1.0,0
fixed8,44b6_e57ff5c6,91,ranking_fail,scorer_ranking,3,4,7.0,0.6215832009911537,17,23115,23246,0.07554664462804794,-1.1721292734146118,-1.1054372787475586,-1.238821268081665,0.08281112462282181,0.06573143601417542,4,3,11.718041645257966,0.0,-6.5,-9.75,23118,23246,0.6971298456192017,1.0500922203063965,0.995085597038269,1.1050987243652344,0.6766034960746765,0.6850537657737732,1,1,3.9804208320226646,-1.625,-3.25,1.625,-0.6215832009911537,-2.2222214937210083,-2.1005228757858276,-2.3439199924468994,-0.5937923714518547,-0.6193223297595978,7.737620813235301,0.017079688608646393,0.00845026969909668,0.008629418909549713,0,0,0,1,0,0,0,0,,,0
fixed8,6bba_05b6850b,54,ranking_fail,scorer_ranking,2,2,3.0,0.2328074276447296,17,3562,3646,0.3512669503688812,0.8299484252929688,0.7230863571166992,0.9368104934692383,0.2964852750301361,0.39830711483955383,2,2,5.3895152843275245,-1.625,1.625,4.875,3558,3646,0.5840743780136108,1.3384302854537964,1.434532642364502,1.2423279285430908,0.6039212346076965,0.5406330227851868,1,1,0.0,0.0,0.0,0.0,-0.23280742764472961,-0.5084818601608276,-0.7114462852478027,-0.30551743507385254,-0.3074359595775604,-0.14232590794563293,5.3895152843275245,0.10182183980941772,0.06328821182250977,0.03853362798690796,0,0,0,1,0,0,0,0,,,0
fixed8,6bba_05b6850b,72,ranking_fail,scorer_ranking,2,2,2.0,0.9363412484526634,16,4969,5033,0.028876163065433502,-2.078444480895996,-1.2208315134048462,-2.9360573291778564,0.054939139634370804,0.014923804439604282,2,2,9.334914300624297,-8.125,3.25,3.25,4963,5033,0.9652174115180969,1.4308924674987793,1.613869071006775,1.2479159832000732,0.9353554844856262,0.9793908596038818,1,1,0.0,0.0,0.0,0.0,-0.9363412484526634,-3.5093369483947754,-2.834700584411621,-4.18397331237793,-0.8804163448512554,-0.9644670551642776,9.334914300624297,0.04001533519476652,0.044035375118255615,-0.004020039923489094,0,0,0,1,0,0,0,0,,,0
fixed8,6bba_05b6850b,75,ranking_fail,scorer_ranking,2,2,2.0,0.3022891879081726,21,5174,5247,0.31929248571395874,0.3025279939174652,0.385643869638443,0.21941211819648743,0.2708977162837982,0.36141687631607056,2,2,7.267220926874317,6.5,0.0,-3.25,5180,5247,0.6215816736221313,0.9686875939369202,1.2143861055374146,0.7229890823364258,0.6204739809036255,0.5980108380317688,1,1,2.2980970388562794,-1.625,-1.625,0.0,-0.3022891879081726,-0.666159600019455,-0.8287422358989716,-0.5035769641399384,-0.34957626461982727,-0.23659396171569824,4.9691238880180375,0.09051916003227234,0.02246314287185669,0.06805601716041565,0,0,0,1,0,0,0,0,,,0
fixed8,6bba_05b6850b,78,ranking_fail,scorer_ranking,2,1,1.0,0.1415484249591827,16,5389,5455,0.42654117941856384,1.0897636413574219,1.227225422859192,0.9523017406463623,0.4453456699848175,0.40685033798217773,1,2,3.6336104634371584,-3.25,0.0,1.625,5388,5455,0.5680896043777466,1.3763338327407837,1.4399155378341675,1.3127521276474,0.5508931875228882,0.583413302898407,1,1,0.0,0.0,0.0,0.0,-0.14154842495918274,-0.2865701913833618,-0.21269011497497559,-0.3604503870010376,-0.10554751753807068,-0.17656296491622925,3.6336104634371584,0.03849533200263977,0.0325201153755188,0.005975216627120972,0,0,0,1,0,0,0,0,,,0
fixed8,6bba_05db0fb1,19,ranking_fail,scorer_ranking,2,2,13.0,0.4768000543117523,16,15988,16832,0.2178749144077301,0.37722963094711304,0.6197991371154785,0.13466015458106995,0.19421149790287018,0.23792512714862823,2,2,6.080193253507654,1.625,-3.25,4.875,16016,16832,0.6946749687194824,1.5367525815963745,1.868994951248169,1.20451021194458,0.6773197650909424,0.6935380697250366,1,1,3.9804208320226646,-1.625,-1.625,3.25,-0.4768000543117523,-1.1595229506492615,-1.2491958141326904,-1.0698500573635101,-0.4831082671880722,-0.4556129425764084,2.0997724214849898,0.04371362924575806,0.01621830463409424,0.02749532461166382,0,0,0,1,0,0,0,0,,,0
fixed8,6bba_05db0fb1,20,ranking_fail,scorer_ranking,3,2,13.0,0.7522282041609287,16,16832,17627,0.04817658290266991,-1.4365938901901245,-1.2344242334365845,-1.6387635469436646,0.03703078627586365,0.058974966406822205,2,3,7.621925609713073,-4.875,4.875,-3.25,16808,17627,0.8004047870635986,1.3736507892608643,1.808950424194336,0.938351035118103,0.7767545580863953,0.7760583758354187,1,1,2.2980970388562794,-1.625,-1.625,0.0,-0.7522282041609287,-2.8102446794509888,-3.0433746576309204,-2.5771145820617676,-0.7397237718105316,-0.7170834094285965,5.323828570856794,0.021944180130958557,0.0006961822509765625,0.021247997879981995,0,0,0,1,0,0,0,0,,,0
fixed8,6bba_05db0fb1,21,ranking_fail,scorer_ranking,2,3,13.0,0.918226609006524,16,17496,18359,0.01715623401105404,-2.2426528930664062,-2.422426223754883,-2.062879800796509,0.008314170874655247,0.03389102220535278,3,2,9.613629647536875,4.875,-8.125,-1.625,17532,18359,0.9353828430175781,1.7559412717819214,2.32722544670105,1.184657096862793,0.9606525301933289,0.8719107508659363,1,1,0.0,0.0,0.0,0.0,-0.9182266090065241,-3.9985941648483276,-4.749651670455933,-3.2475368976593018,-0.9523383593186736,-0.8380197286605835,9.613629647536875,0.025576851330697536,0.08874177932739258,-0.06316492799669504,0,0,0,1,0,0,0,0,,,0
fixed8,6bba_05db0fb1,21,ranking_fail,scorer_ranking,5,6,13.0,0.8969069132581353,17,17627,18485,0.010035394690930843,-2.475367307662964,-2.2721199989318848,-2.678614616394043,0.007612802088260651,0.012941757217049599,6,5,10.405076885828379,4.875,-6.5,6.5,17658,18485,0.9069423079490662,2.028593063354492,2.5001115798950195,1.557074785232544,0.8997011184692383,0.8943958282470703,1,1,1.625,0.0,0.0,1.625,-0.8969069132581353,-4.503960371017456,-4.772231578826904,-4.235689401626587,-0.8920883163809776,-0.8814540710300207,8.780076885828379,0.005328955128788948,0.005305290222167969,2.366490662097931e-05,0,0,0,1,0,0,0,0,,,0
fixed8,6bba_05db0fb1,22,ranking_fail,scorer_ranking,2,2,12.0,0.2152756303548813,25,18485,19330,0.19071681797504425,-1.00028657913208,-0.6651740074157715,-1.3353990316390991,0.1408260613679886,0.18881435692310333,2,2,7.083210783253595,1.625,4.875,-4.875,18507,19330,0.40599244832992554,-0.24474170804023743,-0.2576688230037689,-0.23181460797786713,0.21167047321796417,0.5692664980888367,2,1,6.894291116568838,0.0,-4.875,4.875,-0.2152756303548813,-0.7555448710918427,-0.40750518441200256,-1.103584423661232,-0.07084441184997559,-0.38045214116573334,0.18891966668475657,0.047988295555114746,0.3575960248708725,-0.30960772931575775,0,0,0,1,0,0,0,0,,,0
fixed8,6bba_05db0fb1,25,ranking_fail,scorer_ranking,3,3,12.0,0.6258809641003609,16,20164,21022,0.08427136391401291,-1.2476834058761597,-1.1934674978256226,-1.3018993139266968,0.06535567343235016,0.09770031273365021,3,3,11.02128622257856,4.875,1.625,9.75,20216,21022,0.7101523280143738,0.8837538361549377,1.30572509765625,0.4617825448513031,0.7955524325370789,0.5699717402458191,1,1,2.2980970388562794,-1.625,1.625,0.0,-0.6258809641003609,-2.1314372420310974,-2.4991925954818726,-1.7636818587779999,-0.7301967591047287,-0.4722714275121689,8.72318918372228,0.03234463930130005,0.22558069229125977,-0.19323605298995972,0,0,0,1,0,0,0,0,,,0
fixed8,6bba_05db0fb1,25,ranking_fail,scorer_ranking,2,1,18.0,0.0166421085596084,19,20749,21577,0.2494571954011917,-0.4863622784614563,-0.08955797553062439,-0.8831665515899658,0.20400838553905487,0.27388307452201843,1,2,6.894291116568838,0.0,4.875,4.875,20752,21577,0.26609930396080017,-0.4217801094055176,0.12369969487190247,-0.9672598838806152,0.252501904964447,0.25179317593574524,2,1,3.25,0.0,0.0,-3.25,-0.01664210855960846,-0.06458216905593872,-0.21325767040252686,0.08409333229064941,-0.04849351942539215,0.022089898586273193,3.644291116568838,0.06987468898296356,0.0007087290287017822,0.06916595995426178,0,1,0,0,1,0,1,6,0.0,0.25,0
fixed8,6bba_05db0fb1,28,ranking_fail,scorer_ranking,2,1,5.0,0.2947342842817306,18,22672,23499,0.17631952464580536,0.7293921709060669,0.8714088201522827,0.5873755216598511,0.14395219087600708,0.20960527658462524,1,2,4.875,-1.625,3.25,-3.25,22642,23499,0.471053808927536,1.712066650390625,2.069110155105591,1.3550231456756592,0.4768407642841339,0.4516347050666809,1,1,2.2980970388562794,1.625,0.0,1.625,-0.29473428428173065,-0.9826744794845581,-1.197701334953308,-0.7676476240158081,-0.33288857340812683,-0.24202942848205566,2.5769029611437206,0.06565308570861816,0.025206059217453003,0.04044702649116516,0,0,0,1,0,0,0,0,,,0
fixed8,6bba_05db0fb1,33,ranking_fail,scorer_ranking,2,2,9.0,0.7170481085777283,37,27557,28393,0.04593616724014282,-0.9596297144889832,-0.8762849569320679,-1.0429744720458984,0.023017246276140213,0.06979700177907944,2,2,6.080193253507654,3.25,-1.625,-4.875,27576,28393,0.7629842758178711,1.8503549098968506,2.360408067703247,1.340301752090454,0.58577561378479,0.7566246390342712,1,1,0.0,0.0,0.0,0.0,-0.7170481085777283,-2.8099846243858337,-3.236693024635315,-2.3832762241363525,-0.5627583675086498,-0.6868276372551918,6.080193253507654,0.046779755502939224,0.1708490252494812,-0.12406926974654198,0,0,0,1,0,0,0,0,,,0
fixed8,6bba_05db0fb1,35,ranking_fail,scorer_ranking,3,2,12.0,0.3261350765824318,37,29205,29994,0.060765646398067474,-2.7767090797424316,-2.8078927993774414,-2.7455251216888428,0.03779761120676994,0.08398815989494324,2,3,8.285906709588275,-4.875,-1.625,6.5,29140,29994,0.38690072298049927,-0.9255654215812683,-0.6411843299865723,-1.2099465131759644,0.3299543261528015,0.3900420367717743,2,1,7.267220926874317,6.5,-3.25,0.0,-0.3261350765824318,-1.8511436581611633,-2.166708469390869,-1.5355786085128784,-0.29215671494603157,-0.30605387687683105,1.0186857827139582,0.046190548688173294,0.06008771061897278,-0.013897161930799484,0,0,0,1,0,0,0,0,,,0
fixed8,6bba_05db0fb1,46,ranking_fail,scorer_ranking,2,2,14.0,0.695768229663372,17,37741,38444,0.07042921334505081,-0.9785076379776001,-1.0252325534820557,-0.9317827224731445,0.06074327975511551,0.07891198992729187,2,2,7.960841664045329,-6.5,-3.25,-3.25,37681,38444,0.7661974430084229,1.4083240032196045,1.535309076309204,1.2813390493392944,0.7861896753311157,0.7215885519981384,1,1,2.2980970388562794,0.0,1.625,1.625,-0.695768229663372,-2.3868316411972046,-2.5605416297912598,-2.213121771812439,-0.7254463955760002,-0.6426765620708466,5.66274462518905,0.01816871017217636,0.0646011233329773,-0.046432413160800934,0,0,0,1,0,0,0,0,,,0
fixed8,6bba_05db0fb1,50,ranking_fail,scorer_ranking,5,4,14.0,0.6000176854431629,16,40471,41209,0.03491876646876335,-1.726823091506958,-0.5638653039932251,-2.8897807598114014,0.07330634444952011,0.015266148373484612,4,5,8.75089281159357,-4.875,-3.25,6.5,40451,41209,0.6349364519119263,1.1736774444580078,1.5949509143829346,0.752403974533081,0.6348974108695984,0.5827875137329102,1,1,3.9804208320226646,-1.625,1.625,3.25,-0.6000176854431629,-2.900500535964966,-2.1588162183761597,-3.6421847343444824,-0.5615910664200783,-0.5675213653594255,4.770471979570905,0.0580401960760355,0.05210989713668823,0.005930298939347267,0,0,0,1,0,0,0,0,,,0
fixed8,6bba_05db0fb1,50,ranking_fail,scorer_ranking,2,3,12.0,0.5343301147222519,17,40760,41574,0.12637050449848175,-0.3481878936290741,-0.6239368915557861,-0.07243888080120087,0.07392615079879761,0.2035200297832489,3,2,8.443747686898277,8.125,-1.625,1.625,40839,41574,0.6607006192207336,1.3058948516845703,1.5968425273895264,1.0149470567703247,0.6811932325363159,0.6037440299987793,1,1,1.625,-1.625,0.0,0.0,-0.5343301147222519,-1.6540827453136444,-2.2207794189453125,-1.0873859375715256,-0.6072670817375183,-0.4002240002155304,6.818747686898277,0.1295938789844513,0.07744920253753662,0.05214467644691467,0,0,0,1,0,0,0,0,,,0
fixed8,6bba_05db0fb1,55,ranking_fail,scorer_ranking,2,2,17.0,0.1700286716222763,19,44320,44985,0.19353531301021576,-1.1739327907562256,-1.8346126079559326,-0.5132529735565186,0.09010559320449829,0.2904788851737976,2,2,8.75089281159357,-8.125,0.0,3.25,44228,44985,0.36356398463249207,-0.5434374809265137,-0.16139501333236694,-0.9254800081253052,0.4801986515522003,0.19234754145145416,2,1,7.267220926874317,3.25,-6.5,0.0,-0.1700286716222763,-0.6304953098297119,-1.6732175946235657,0.4122270345687866,-0.390093058347702,0.09813134372234344,1.4836718847192527,0.20037329196929932,0.28785111010074615,-0.08747781813144684,0,1,0,0,1,0,1,4,0.0,0.15000000000000002,0
fixed8,6bba_05db0fb1,56,ranking_fail,scorer_ranking,6,7,15.0,0.6997915785759687,16,44985,45737,0.010292919352650642,-2.5743350982666016,-3.0684831142425537,-2.0801870822906494,0.004081054124981165,0.02207842469215393,7,6,11.490485194281398,0.0,1.625,11.375,44988,45737,0.7100844979286194,1.659592628479004,2.254809856414795,1.064375400543213,0.8368527293205261,0.5124295949935913,1,1,1.625,0.0,0.0,1.625,-0.6997915785759687,-4.2339277267456055,-5.323292970657349,-3.1445624828338623,-0.832771675195545,-0.4903511703014374,9.865485194281398,0.017997370567172766,0.3244231343269348,-0.30642576375976205,0,0,0,1,0,0,0,0,,,0
fixed8,6bba_05db0fb1,57,ranking_fail,scorer_ranking,2,3,18.0,0.0243972241878509,34,45737,46484,0.1577010601758957,-0.6104207038879395,-0.7324222326278687,-0.48841914534568787,0.1200517937541008,0.16512244939804077,3,2,5.138701197773616,0.0,1.625,-4.875,45806,46484,0.18209828436374664,-0.4665752351284027,-0.836369514465332,-0.09678095579147339,0.10819943249225616,0.244282528758049,2,1,8.285906709588275,-8.125,0.0,-1.625,-0.024397224187850952,-0.14384546875953674,0.10394728183746338,-0.3916381895542145,0.011852361261844635,-0.07916007936000824,-3.1472055118146587,0.04507065564393997,0.13608309626579285,-0.09101244062185287,1,0,0,0,1,1,1,5,0.8,1.0,0
fixed8,6bba_05db0fb1,58,ranking_fail,scorer_ranking,3,9,9.0,0.8628254132345319,17,46809,47510,0.007880429737269878,-3.2105371952056885,-2.8779990673065186,-3.5430753231048584,0.008652218617498875,0.007104687392711639,9,3,11.941262496067994,-4.875,-9.75,-4.875,46765,47510,0.8707058429718018,1.494384765625,1.7366443872451782,1.2521250247955322,0.8734573721885681,0.8591599464416504,1,1,0.0,0.0,0.0,0.0,-0.8628254132345319,-4.7049219608306885,-4.614643454551697,-4.795200347900391,-0.8648051535710692,-0.8520552590489388,11.941262496067994,0.0015475312247872353,0.014297425746917725,-0.01274989452213049,0,0,0,1,0,0,0,0,,,0
fixed8,6bba_05db0fb1,59,ranking_fail,scorer_ranking,4,3,7.0,0.8475583242252469,16,47510,48283,0.010682935826480389,-3.0127978324890137,-2.8284716606140137,-3.1971240043640137,0.009637788869440556,0.01135971862822771,3,4,9.475296829123613,4.875,8.125,0.0,47562,48283,0.8582412600517273,1.3734397888183594,1.6519969701766968,1.0948824882507324,0.8507856726646423,0.8305433392524719,1,1,3.6336104634371584,-1.625,0.0,3.25,-0.8475583242252469,-4.386237621307373,-4.4804686307907104,-4.292006492614746,-0.8411478837952018,-0.8191836206242442,5.841686365686455,0.0017219297587871552,0.02024233341217041,-0.018520403653383255,0,0,0,1,0,0,0,0,,,0
fixed8,6bba_05db0fb1,62,ranking_fail,scorer_ranking,5,3,13.0,0.6259663570672274,17,49571,50220,0.022498084232211113,-2.001810073852539,-2.059877634048462,-1.9437426328659058,0.01994556188583374,0.023303639143705368,3,5,10.017172754824587,-9.75,1.625,1.625,49490,50220,0.6484644412994385,1.3593668937683105,1.5190038681030273,1.1997298002243042,0.7147179841995239,0.5402769446372986,1,1,0.0,0.0,0.0,0.0,-0.6259663570672274,-3.3611769676208496,-3.5788815021514893,-3.14347243309021,-0.6947724223136902,-0.5169733054935932,10.017172754824587,0.003358077257871628,0.17444103956222534,-0.17108296230435371,0,0,0,1,0,0,0,0,,,0
fixed8,6bba_05db0fb1,63,ranking_fail,scorer_ranking,2,3,14.0,0.711691040545702,16,50220,51012,0.05963979288935661,-1.177290439605713,-1.408388376235962,-0.9461925029754639,0.044982753694057465,0.07696413993835449,3,2,8.443747686898277,8.125,-1.625,-1.625,50290,51012,0.7713308334350586,1.3825041055679321,1.4434610605239868,1.3215471506118774,0.779091477394104,0.7432847619056702,1,1,2.2980970388562794,0.0,-1.625,1.625,-0.711691040545702,-2.559794545173645,-2.8518494367599487,-2.2677396535873413,-0.7341087237000465,-0.6663206219673157,6.145650648041998,0.03198138624429703,0.03580671548843384,-0.0038253292441368103,0,0,0,1,0,0,0,0,,,0
fixed8,6bba_05db0fb1,65,ranking_fail,scorer_ranking,2,2,9.0,0.7349444329738617,16,51835,52595,0.11609300971031189,-0.44030433893203735,-0.07743621617555618,-0.8031724691390991,0.09862569719552994,0.13383379578590393,2,2,4.875,1.625,3.25,3.25,51867,52595,0.8510374426841736,1.5517600774765015,2.090641975402832,1.012878179550171,0.8621334433555603,0.8227476477622986,1,1,1.625,-1.625,0.0,0.0,-0.7349444329738617,-1.9920644164085388,-2.168078191578388,-1.81605064868927,-0.7635077461600304,-0.6889138519763947,3.25,0.03520809859037399,0.03938579559326172,-0.004177697002887726,0,0,0,1,0,0,0,0,,,0
fixed8,6bba_05db0fb1,70,ranking_fail,scorer_ranking,2,1,16.0,0.5002248734235764,16,55164,55873,0.1845594197511673,0.23154783248901367,0.6300615072250366,-0.16696584224700928,0.22234269976615906,0.14803913235664368,1,2,5.138701197773616,0.0,4.875,1.625,55173,55873,0.6847842931747437,1.542680263519287,1.7129520177841187,1.3724086284637451,0.6566232442855835,0.6901100873947144,1,1,2.8145825622994254,-1.625,-1.625,1.625,-0.5002248734235764,-1.3111324310302734,-1.082890510559082,-1.5393744707107544,-0.43428054451942444,-0.5420709550380707,2.324118635474191,0.07430356740951538,0.03348684310913086,0.04081672430038452,0,0,0,1,0,0,0,0,,,0
fixed8,6bba_05db0fb1,72,ranking_fail,scorer_ranking,3,3,15.0,0.7139445580542088,16,56581,57290,0.05224543437361717,-1.255914330482483,-0.14485199749469757,-2.366976737976074,0.12257619947195053,0.018453864380717278,3,3,6.700046641628698,0.0,6.5,1.625,56583,57290,0.7661899924278259,1.4295634031295776,1.6604282855987549,1.1986985206604004,0.7454686760902405,0.6525899767875671,1,1,3.6336104634371584,0.0,1.625,3.25,-0.7139445580542088,-2.6854777336120605,-1.8052802830934525,-3.5656752586364746,-0.62289247661829,-0.6341361124068499,3.0664361781915397,0.10412233509123325,0.09287869930267334,0.011243635788559914,0,0,0,1,0,0,0,0,,,0
fixed8,6bba_05db0fb1,75,ranking_fail,scorer_ranking,2,2,14.0,0.4346159398555755,16,58672,59351,0.1642274558544159,0.009984910488128662,1.128200888633728,-1.1082310676574707,0.30728086829185486,0.07525640726089478,2,2,3.6336104634371584,-1.625,3.25,0.0,58673,59351,0.5988433957099915,1.3037326335906982,1.4949613809585571,1.1125038862228394,0.4434223473072052,0.6934201121330261,1,1,2.8145825622994254,-1.625,-1.625,1.625,-0.43461593985557556,-1.2937477231025696,-0.3667604923248291,-2.22073495388031,-0.13614147901535034,-0.6181637048721313,0.819027901137733,0.23202446103096008,0.24999776482582092,-0.01797330379486084,0,0,0,1,0,0,0,0,,,0
fixed8,6bba_05db0fb1,75,ranking_fail,scorer_ranking,2,2,17.0,0.513434648513794,16,58960,59723,0.1469581127166748,-0.8911300897598267,-1.2256735563278198,-0.5565866231918335,0.06387173384428024,0.21885545551776886,2,2,7.44668550430324,6.5,3.25,1.625,59000,59723,0.6603927612304688,0.611557126045227,1.3712315559387207,-0.148117333650589,0.8572948575019836,0.3292708694934845,1,1,2.2980970388562794,1.625,1.625,0.0,-0.513434648513794,-1.5026872158050537,-2.5969051122665405,-0.4084692895412445,-0.7934231236577034,-0.11041541397571564,5.14858846544696,0.15498372167348862,0.5280239880084991,-0.37304026633501053,0,0,0,1,0,0,0,0,,,0
fixed8,6bba_05db0fb1,77,ranking_fail,scorer_ranking,2,1,12.0,0.4767026007175445,16,60497,61191,0.23748305439949036,0.24935561418533325,0.21998286247253418,0.2787283658981323,0.17767541110515594,0.30561456084251404,1,2,5.138701197773616,0.0,1.625,4.875,60506,61191,0.7141856551170349,1.3504021167755127,1.703860878944397,0.9969433546066284,0.7835511565208435,0.6267449855804443,1,1,2.2980970388562794,-1.625,0.0,-1.625,-0.47670260071754456,-1.1010465025901794,-1.4838780164718628,-0.7182149887084961,-0.6058757454156876,-0.3211304247379303,2.840604158917337,0.1279391497373581,0.15680617094039917,-0.028867021203041077,0,0,0,1,0,0,0,0,,,0
fixed8,6bba_05db0fb1,80,ranking_fail,scorer_ranking,2,2,15.0,0.5670208185911179,16,62117,62765,0.14100153744220734,-0.8858450055122375,-0.4614209830760956,-1.3102689981460571,0.1453222781419754,0.13408829271793365,2,2,8.285906709588275,-4.875,1.625,6.5,62118,62765,0.7080223560333252,0.7278598546981812,1.108762502670288,0.3469572067260742,0.6986412405967712,0.7032585740089417,1,1,5.3895152843275245,-4.875,-1.625,-1.625,-0.5670208185911179,-1.6137048602104187,-1.5701834857463837,-1.6572262048721313,-0.5533189624547958,-0.569170281291008,2.8963914252607506,0.011233985424041748,0.00461733341217041,0.006616652011871338,0,0,0,1,0,0,0,0,,,0
fixed8,6bba_05db0fb1,80,ranking_fail,scorer_ranking,3,3,10.0,0.2228441536426544,24,62433,63056,0.14818108081817627,-1.1156021356582642,-0.967320442199707,-1.2638838291168213,0.10467531532049179,0.16618886590003967,3,3,11.375,-9.75,-4.875,3.25,62352,63056,0.3710252344608307,-0.19776713848114014,0.6820683479309082,-1.0776026248931885,0.5447092056274414,0.20021787285804749,2,1,4.596194077712559,0.0,-3.25,-3.25,-0.22284415364265442,-0.917834997177124,-1.6493887901306152,-0.1862812042236328,-0.4400338903069496,-0.03402900695800781,6.778805922287441,0.06151355057954788,0.3444913327693939,-0.28297778218984604,0,0,0,1,0,0,0,0,,,0
fixed8,6bba_05db0fb1,82,ranking_fail,scorer_ranking,2,2,11.0,0.0944636762142181,23,63965,64661,0.3177279829978943,-0.45303815603256226,-0.17411290109157562,-0.7319633960723877,0.36877909302711487,0.25243452191352844,2,2,5.138701197773616,0.0,-1.625,-4.875,63997,64661,0.4121916592121124,-0.1927454024553299,-0.2990485429763794,-0.08644226938486099,0.3254673182964325,0.4813877046108246,2,1,7.44668550430324,-3.25,1.625,6.5,-0.09446367621421814,-0.26029275357723236,0.12493564188480377,-0.6455211266875267,0.04331177473068237,-0.22895318269729614,-2.3079843065296233,0.11634457111358643,0.1559203863143921,-0.039575815200805664,1,0,0,0,1,1,1,4,0.8500000000000001,1.0,0
fixed8,6bba_05db0fb1,85,ranking_fail,scorer_ranking,3,1,5.0,0.839675372466445,16,65831,66492,0.024391526356339455,-2.2857890129089355,-2.463747262954712,-2.1078310012817383,0.019113995134830475,0.02902330458164215,1,3,10.405076885828379,-3.25,-1.625,9.75,65832,66492,0.8640668988227844,1.281625509262085,1.2349709272384644,1.328279972076416,0.7721191644668579,0.9016353487968445,1,1,4.875,-3.25,-1.625,3.25,-0.839675372466445,-3.5674145221710205,-3.6987181901931763,-3.4361109733581543,-0.7530051693320274,-0.8726120442152023,5.530076885828379,0.009909309446811676,0.12951618432998657,-0.1196068748831749,0,0,0,1,0,0,0,0,,,0
fixed8,6bba_05db0fb1,87,ranking_fail,scorer_ranking,4,3,19.0,0.0916347950696945,16,66889,67568,0.18250702321529388,-0.06857458502054214,-0.16997167468070984,0.03282250463962555,0.14126238226890564,0.21994294226169586,3,4,7.44668550430324,-3.25,-1.625,6.5,66888,67568,0.2741418182849884,0.33828234672546387,0.5821506977081299,0.09441396594047546,0.29968783259391785,0.23391543328762054,2,1,4.875,-3.25,3.25,-1.625,-0.09163479506969452,-0.406856931746006,-0.7521223723888397,-0.061591461300849915,-0.1584254503250122,-0.013972491025924683,2.5716855043032396,0.07868055999279022,0.0657723993062973,0.01290816068649292,0,0,0,1,0,0,0,0,,,0
fixed8,6bba_05db0fb1,87,ranking_fail,scorer_ranking,3,4,11.0,0.2875676453113556,17,66992,67667,0.1408069133758545,-0.6835594177246094,-0.856264591217041,-0.5108543038368225,0.09214659035205841,0.18978695571422577,4,3,8.125,-6.5,0.0,4.875,66925,67667,0.4283745586872101,0.4290490746498108,0.5867645740509033,0.2713335454463959,0.39010265469551086,0.4149217903614044,2,1,5.138701197773616,4.875,-1.625,0.0,-0.2875676453113556,-1.1126084923744202,-1.4430291652679443,-0.7821878492832184,-0.29795606434345245,-0.22513483464717865,2.9862988022263837,0.09764036536216736,0.024819135665893555,0.0728212296962738,0,0,0,1,0,0,0,0,,,0
fixed8,6bba_05db0fb1,92,ranking_fail,scorer_ranking,2,2,11.0,0.2450468838214874,16,70880,71543,0.30279341340065,0.18425162136554718,0.00991809368133545,0.3585851490497589,0.2871769070625305,0.29699304699897766,2,2,10.277402395547233,-9.75,3.25,0.0,70832,71543,0.5478402972221375,0.7771846055984497,0.6183513402938843,0.9360178709030151,0.5277019143104553,0.5290809273719788,1,1,3.6336104634371584,-3.25,0.0,1.625,-0.24504688382148743,-0.5929329842329025,-0.6084332466125488,-0.5774327218532562,-0.2405250072479248,-0.2320878803730011,6.643791932110075,0.009816139936447144,0.0013790130615234375,0.008437126874923706,0,0,0,1,0,0,0,0,,,0
fixed8,6bba_05db0fb1,93,ranking_fail,scorer_ranking,2,2,10.0,0.3989415466785431,16,71543,72335,0.2561473548412323,0.004576951265335083,0.43663516640663147,-0.4274812638759613,0.2711397111415863,0.23272587358951569,2,2,10.277402395547233,9.75,-3.25,0.0,71568,72335,0.6550889015197754,0.9435949921607971,1.306075930595398,0.5811140537261963,0.6468245387077332,0.6380754709243774,1,1,6.894291116568838,6.5,1.625,-1.625,-0.3989415466785431,-0.939018040895462,-0.8694407641887665,-1.0085953176021576,-0.37568482756614685,-0.40534959733486176,3.3831112789783946,0.03841383755207062,0.008749067783355713,0.029664769768714905,0,0,0,1,0,0,0,0,,,0
fixed8,6bba_969618f6,72,ranking_fail,scorer_ranking,2,2,8.0,0.0270555019378662,28,14479,14668,0.2588496804237366,-0.7138776183128357,-0.1624620407819748,-1.2652932405471802,0.25240325927734375,0.23125208914279938,2,2,8.285906709588275,6.5,1.625,-4.875,14509,14668,0.2859051823616028,-0.6144649386405945,-0.002894267439842224,-1.2260355949401855,0.2960699200630188,0.24051105976104736,2,1,9.334914300624297,-8.125,3.25,3.25,-0.02705550193786621,-0.09941267967224121,-0.15956777334213257,-0.03925764560699463,-0.04366666078567505,-0.009258970618247986,-1.0490075910360215,0.021151170134544373,0.055558860301971436,-0.03440769016742706,0,0,0,1,0,1,0,0,,,0
fixed8,6bba_fc83837d,5,ranking_fail,scorer_ranking,2,2,17.0,0.369853526353836,16,1475,1712,0.18212643265724182,0.40004491806030273,0.7494944334030151,0.05059543251991272,0.18326567113399506,0.1771955043077469,2,2,7.267220926874317,-6.5,0.0,-3.25,1463,1712,0.5519799590110779,1.5088555812835693,1.7491103410720825,1.2686007022857666,0.4979764223098755,0.598998486995697,1,1,2.8145825622994254,-1.625,1.625,-1.625,-0.36985352635383606,-1.1088106632232666,-0.9996159076690674,-1.2180052697658539,-0.31471075117588043,-0.42180298268795013,4.4526383645748915,0.006070166826248169,0.10102206468582153,-0.09495189785957336,0,0,0,1,0,0,0,0,,,0
fixed8,6bba_fc83837d,6,ranking_fail,scorer_ranking,4,3,10.0,0.3494409658014774,18,1731,1999,0.0460716150701046,-1.9692678451538086,-1.0798836946487427,-2.858651876449585,0.08226720988750458,0.021736832335591316,3,4,9.475296829123613,6.5,4.875,-4.875,1732,1999,0.39551258087158203,0.18071769177913666,0.07116597890853882,0.2902694046497345,0.26008862257003784,0.5067052245140076,2,1,7.267220926874317,6.5,0.0,3.25,-0.34944096580147743,-2.1499855369329453,-1.1510496735572815,-3.1489212810993195,-0.17782141268253326,-0.48496839217841625,2.2080759022492957,0.06053037755191326,0.24661660194396973,-0.18608622439205647,0,0,0,1,0,0,0,0,,,0
fixed8,6bba_fc83837d,7,ranking_fail,scorer_ranking,2,1,20.0,0.0073396563529968,16,1983,2217,0.3402913808822632,1.4145138263702393,1.7550002336502075,1.0740272998809814,0.31934854388237,0.34080350399017334,1,2,3.9804208320226646,-3.25,1.625,-1.625,1969,2217,0.34763103723526,1.4358532428741455,1.7758790254592896,1.095827579498291,0.32608622312545776,0.34831470251083374,1,1,2.2980970388562794,1.625,1.625,0.0,-0.007339656352996826,-0.02133941650390625,-0.02087879180908203,-0.02180027961730957,-0.0067376792430877686,-0.0075111985206604,1.6823237931663853,0.021454960107803345,0.022228479385375977,-0.0007735192775726318,0,0,0,1,0,0,0,0,,,0
fixed8,6bba_fc83837d,14,ranking_fail,scorer_ranking,2,1,6.0,0.3302447199821472,16,3615,3824,0.31301963329315186,0.4152117371559143,0.14042580127716064,0.689997673034668,0.1856551617383957,0.47034382820129395,1,2,6.080193253507654,-4.875,1.625,-3.25,3587,3824,0.6432643532752991,1.1355016231536865,1.5617996454238892,0.7092037200927734,0.7691338062286377,0.479464590549469,1,1,3.6336104634371584,3.25,1.625,0.0,-0.3302447199821472,-0.7202898859977722,-1.4213738441467285,-0.01920604705810547,-0.583478644490242,-0.009120762348175049,2.446582790070496,0.28468866646289825,0.2896692156791687,-0.004980549216270447,0,0,0,1,0,0,0,0,,,0
fixed8,6bba_fc83837d,15,ranking_fail,scorer_ranking,2,2,11.0,0.0820364952087402,17,3902,4131,0.1986611783504486,-0.00665968656539917,0.1533588469028473,-0.16667822003364563,0.15074512362480164,0.2374672293663025,2,2,8.285906709588275,-1.625,4.875,-6.5,3906,4131,0.28069767355918884,0.33901774883270264,0.7954180240631104,-0.11738254129886627,0.2864745259284973,0.249466672539711,1,1,3.6336104634371584,-3.25,0.0,1.625,-0.08203649520874023,-0.3456774353981018,-0.6420591771602631,-0.04929567873477936,-0.13572940230369568,-0.011999443173408508,4.652296246151117,0.08672210574150085,0.037007853388786316,0.04971425235271454,0,0,0,1,0,0,0,0,,,0
fixed8,6bba_fc83837d,16,ranking_fail,scorer_ranking,3,2,6.0,0.5497356578707695,16,4160,4385,0.07200080901384354,-0.7572707533836365,-0.542549729347229,-0.971991777420044,0.06377973407506943,0.0788240060210228,2,3,8.443747686898277,-8.125,-1.625,1.625,4144,4385,0.621736466884613,1.3985682725906372,1.7028014659881592,1.0943350791931152,0.6023187637329102,0.6223760843276978,1,1,2.2980970388562794,0.0,1.625,-1.625,-0.5497356578707695,-2.1558390259742737,-2.245351195335388,-2.066326856613159,-0.5385390296578407,-0.543552078306675,6.145650648041998,0.01504427194595337,0.020057320594787598,-0.0050130486488342285,0,0,0,1,0,0,0,0,,,0
fixed8,6bba_fc83837d,17,ranking_fail,scorer_ranking,3,6,5.0,0.8536160327494144,24,4392,4624,0.0148179791867733,-3.000782012939453,-3.3752810955047607,-2.6262829303741455,0.008409291505813599,0.02517310343682766,6,3,12.691655723348314,6.5,4.875,-9.75,4401,4624,0.8684340119361877,1.070068359375,1.2430188655853271,0.8971179723739624,0.8520432114601135,0.8533563017845154,1,1,0.0,0.0,0.0,0.0,-0.8536160327494144,-4.070850372314453,-4.618299961090088,-3.523400902748108,-0.8436339199542999,-0.8281831983476877,12.691655723348314,0.01676381193101406,0.0013130903244018555,0.015450721606612206,0,0,0,1,0,0,0,0,,,0
fixed8,6bba_fc83837d,18,ranking_fail,scorer_ranking,3,2,7.0,0.8003769181668758,17,4624,4849,0.03713730350136757,-1.6169207096099854,-1.7855602502822876,-1.448281168937683,0.02335505560040474,0.05491910129785538,2,3,7.960841664045329,-3.25,-3.25,6.5,4620,4849,0.8375142216682434,1.4988956451416016,1.7712411880493164,1.2265499830245972,0.818615734577179,0.7968706488609314,1,1,2.2980970388562794,0.0,1.625,-1.625,-0.8003769181668758,-3.115816354751587,-3.556801438331604,-2.6748311519622803,-0.7952606789767742,-0.741951547563076,5.66274462518905,0.03156404569745064,0.02174508571624756,0.00981895998120308,0,0,0,1,0,0,0,0,,,0
fixed8,6bba_fc83837d,19,ranking_fail,scorer_ranking,2,4,5.0,0.8473977968096733,22,4849,5088,0.02828807383775711,-2.200298309326172,-1.958786964416504,-2.44180965423584,0.030123943462967873,0.024890577420592308,4,2,7.960841664045329,3.25,3.25,-6.5,4857,5088,0.8756858706474304,1.2322686910629272,1.3343759775161743,1.1301614046096802,0.8111745715141296,0.8857728242874146,1,1,2.2980970388562794,0.0,-1.625,1.625,-0.8473977968096733,-3.432567000389099,-3.2931629419326782,-3.57197105884552,-0.7810506280511618,-0.8608822468668222,5.66274462518905,0.005233366042375565,0.07459825277328491,-0.06936488673090935,0,0,0,1,0,0,0,0,,,0
fixed8,6bba_fc83837d,21,ranking_fail,scorer_ranking,4,5,9.0,0.3035888746380806,16,5170,5362,0.08369287103414536,-0.7124232649803162,-0.7508740425109863,-0.673972487449646,0.04027058929204941,0.13652992248535156,5,4,12.160386507015309,-3.25,-9.75,-6.5,5169,5362,0.38728174567222595,0.8195754885673523,1.214260458946228,0.4248904883861542,0.28736579418182373,0.4096924662590027,1,1,4.875,-3.25,-3.25,-1.625,-0.3035888746380806,-1.5319987535476685,-1.9651345014572144,-1.0988629758358002,-0.24709520488977432,-0.2731625437736511,7.285386507015309,0.09625933319330215,0.12232667207717896,-0.0260673388838768,0,0,0,1,0,0,0,0,,,0
fixed8,6bba_fc83837d,21,ranking_fail,scorer_ranking,3,5,13.0,0.0621071085333824,29,5256,5471,0.11467964202165604,-0.6108812689781189,0.939895749092102,-2.16165828704834,0.18899701535701752,0.04276848956942558,5,3,17.948711652929298,4.875,13.0,-11.375,5270,5471,0.17678675055503845,-0.1780794858932495,0.6874419450759888,-1.0436009168624878,0.14683027565479279,0.13082480430603027,4,1,16.887495373796554,-3.25,3.25,-16.25,-0.062107108533382416,-0.4328017830848694,0.2524538040161133,-1.118057370185852,0.04216673970222473,-0.08805631473660469,1.0612162791327435,0.14622852578759193,0.016005471348762512,0.13022305443882942,1,0,0,0,1,0,1,4,0.8500000000000001,1.0,0
fixed8,6bba_fc83837d,21,ranking_fail,scorer_ranking,2,1,3.0,0.0991452634334564,17,5295,5498,0.2647313177585602,0.44405215978622437,0.15448859333992004,0.7336157560348511,0.07474695146083832,0.34502124786376953,1,2,9.475296829123613,-4.875,0.0,-8.125,5289,5498,0.3638765811920166,0.7621515393257141,0.38077953457832336,1.1435235738754272,0.09372823685407639,0.5198362469673157,1,1,9.884489111734608,0.0,1.625,-9.75,-0.09914526343345642,-0.31809937953948975,-0.22629094123840332,-0.40990781784057617,-0.018981285393238068,-0.17481499910354614,-0.40919228261099505,0.2702742964029312,0.4261080101132393,-0.15583371371030807,0,0,0,1,0,1,0,0,,,0
fixed8,6bba_fc83837d,22,ranking_fail,scorer_ranking,2,1,5.0,0.2866259217262268,16,5554,5749,0.34044402837753296,0.9866816401481628,1.0809903144836426,0.8923729658126831,0.31370753049850464,0.3551348149776459,1,2,5.629165124598851,3.25,3.25,-3.25,5560,5749,0.6270699501037598,1.5974889993667603,1.8253060579299927,1.3696719408035278,0.6603545546531677,0.5723761916160583,1,1,2.2980970388562794,0.0,1.625,-1.625,-0.2866259217262268,-0.6108073592185974,-0.7443157434463501,-0.4772989749908447,-0.3466470241546631,-0.21724137663841248,3.3310680857425714,0.041427284479141235,0.08797836303710938,-0.04655107855796814,0,0,0,1,0,0,0,0,,,0
fixed8,6bba_fc83837d,29,ranking_fail,scorer_ranking,2,2,5.0,0.1900023519992828,16,6861,7029,0.3886617124080658,1.3002650737762451,1.3545550107955933,1.2459752559661865,0.34758105874061584,0.4276319742202759,2,2,4.875,3.25,1.625,-3.25,6870,7029,0.5786640644073486,1.6982778310775757,1.902298927307129,1.4942567348480225,0.6010883450508118,0.5481474995613098,1,1,2.2980970388562794,-1.625,0.0,-1.625,-0.19000235199928284,-0.39801275730133057,-0.5477439165115356,-0.24828147888183594,-0.2535072863101959,-0.12051552534103394,2.5769029611437206,0.08005091547966003,0.05294084548950195,0.02711006999015808,0,0,0,1,0,0,0,0,,,0
fixed8,6bba_fc83837d,37,ranking_fail,scorer_ranking,2,1,5.0,0.2136441469192505,16,8100,8253,0.3703329563140869,1.1359683275222778,1.2391102313995361,1.0328264236450195,0.35651901364326477,0.38196906447410583,1,2,4.596194077712559,3.25,0.0,-3.25,8108,8253,0.5839771032333374,1.5914275646209717,1.7491254806518555,1.4337297677993774,0.5937169790267944,0.5703458189964294,1,1,1.625,0.0,0.0,-1.625,-0.2136441469192505,-0.45545923709869385,-0.5100152492523193,-0.4009033441543579,-0.23719796538352966,-0.1883767545223236,2.9711940777125587,0.025450050830841064,0.02337116003036499,0.0020788908004760742,0,0,0,1,0,0,0,0,,,0
fixed8,6bba_fc83837d,38,ranking_fail,scorer_ranking,2,2,10.0,0.0835031270980835,25,8247,8383,0.27181845903396606,0.8486394882202148,0.6405117511749268,1.056767225265503,0.2347283810377121,0.28528276085853577,2,2,5.138701197773616,0.0,-4.875,1.625,8245,8383,0.35532158613204956,1.1165282726287842,1.029599905014038,1.2034565210342407,0.3463733196258545,0.33035579323768616,2,1,4.596194077712559,3.25,-3.25,0.0,-0.0835031270980835,-0.26788878440856934,-0.38908815383911133,-0.1466892957687378,-0.1116449385881424,-0.04507303237915039,0.5425071200610576,0.05055437982082367,0.016017526388168335,0.034536853432655334,0,0,0,1,0,0,0,0,,,0
fixed8,6bba_fc83837d,43,ranking_fail,scorer_ranking,2,3,4.0,0.8074104264378548,17,8901,9051,0.05435400456190109,-1.363203525543213,-1.611867904663086,-1.1145392656326294,0.03469265624880791,0.08361869305372238,3,2,9.75,6.5,-6.5,-3.25,8915,9051,0.8617644309997559,1.4002602100372314,1.6081360578536987,1.1923843622207642,0.868295431137085,0.8398227095603943,1,1,1.625,-1.625,0.0,0.0,-0.8074104264378548,-2.7634637355804443,-3.2200039625167847,-2.3069236278533936,-0.833602774888277,-0.7562040165066719,8.125,0.048926036804914474,0.028472721576690674,0.0204533152282238,0,0,0,1,0,0,0,0,,,0
fixed8,6bba_fc83837d,45,ranking_fail,scorer_ranking,3,3,6.0,0.6569954827427864,16,9185,9311,0.020133070647716522,-2.1047658920288086,-1.7591781616210938,-2.4503533840179443,0.02110307663679123,0.019190626218914986,3,3,14.804454566109486,-11.375,8.125,-4.875,9174,9311,0.6771285533905029,1.410731554031372,1.716528058052063,1.1049351692199707,0.6820650696754456,0.6716320514678955,1,1,2.2980970388562794,0.0,1.625,-1.625,-0.6569954827427864,-3.5154974460601807,-3.4757062196731567,-3.555288553237915,-0.6609619930386543,-0.6524414252489805,12.506357527253208,0.0019124504178762436,0.010433018207550049,-0.008520567789673805,0,0,0,1,0,0,0,0,,,0
fixed8,6bba_fc83837d,45,ranking_fail,scorer_ranking,2,2,5.0,0.5740062668919563,28,9210,9352,0.12434672564268112,-0.3990093767642975,0.006035745143890381,-0.8040544986724854,0.14919140934944153,0.08657004684209824,2,2,8.443747686898277,4.875,4.875,-4.875,9217,9352,0.6983529925346375,1.32664155960083,1.62940514087677,1.0238780975341797,0.7564220428466797,0.5385532975196838,1,1,4.596194077712559,-3.25,0.0,-3.25,-0.5740062668919563,-1.7256509363651276,-1.6233693957328796,-1.827932596206665,-0.6072306334972382,-0.4519832506775856,3.8475536091857183,0.06262136250734329,0.21786874532699585,-0.15524738281965256,0,0,0,1,0,0,0,0,,,0
fixed8,6bba_fc83837d,46,ranking_fail,scorer_ranking,2,1,3.0,0.1023058891296386,16,9352,9490,0.4094619154930115,0.66632080078125,1.245078682899475,0.0875629186630249,0.5467846393585205,0.27133724093437195,1,2,4.596194077712559,-3.25,-3.25,0.0,9344,9490,0.5117678046226501,0.8893479108810425,0.9740712642669678,0.8046245574951172,0.4169839024543762,0.5558086633682251,1,1,4.875,3.25,1.625,-3.25,-0.10230588912963867,-0.22302711009979248,0.2710074186325073,-0.7170616388320923,0.1298007369041443,-0.28447142243385315,-0.2788059222874413,0.27544739842414856,0.13882476091384888,0.13662263751029968,1,0,0,0,1,1,1,6,0.75,1.0,0
fixed8,6bba_fc83837d,47,ranking_fail,scorer_ranking,2,2,7.0,0.413468986749649,16,9405,9558,0.2656150758266449,0.3488697409629822,0.27161020040512085,0.4261292517185211,0.22186493873596191,0.3131326735019684,2,2,4.875,3.25,-3.25,1.625,9411,9558,0.679084062576294,1.2875664234161377,1.4466445446014404,1.1284881830215454,0.7184551358222961,0.6320610642433167,1,1,2.8145825622994254,-1.625,1.625,-1.625,-0.41346898674964905,-0.9386966824531555,-1.1750343441963196,-0.7023589313030243,-0.49659019708633423,-0.31892839074134827,2.0604174377005746,0.09126773476600647,0.08639407157897949,0.0048736631870269775,0,0,0,1,0,0,0,0,,,0
fixed8,6bba_fc83837d,85,ranking_fail,scorer_ranking,2,1,14.0,0.0326471030712127,17,15037,15241,0.3821658194065094,1.3049615621566772,1.6560903787612915,0.953832745552063,0.41427120566368103,0.3362112045288086,1,2,3.25,3.25,0.0,0.0,15056,15241,0.41481292247772217,1.386934518814087,1.5582252740859985,1.2156437635421753,0.3756491541862488,0.43683284521102905,1,1,2.8145825622994254,-1.625,-1.625,1.625,-0.03264710307121277,-0.08197295665740967,0.09786510467529297,-0.2618110179901123,0.03862205147743225,-0.10062164068222046,0.4354174377005746,0.07806000113487244,0.06118369102478027,0.016876310110092163,1,0,0,0,1,0,1,6,0.75,1.0,0
fixed8,6bba_fc83837d,93,ranking_fail,scorer_ranking,2,2,9.0,0.092863529920578,18,16595,16800,0.361487478017807,0.345081090927124,0.5037393569946289,0.18642285466194153,0.3069271147251129,0.37935948371887207,2,2,5.138701197773616,0.0,-1.625,4.875,16597,16800,0.454351007938385,0.5737237334251404,0.7971097230911255,0.3503377139568329,0.41157063841819763,0.4469287395477295,2,1,6.5,0.0,-6.5,0.0,-0.092863529920578,-0.22864264249801636,-0.2933703660964966,-0.16391485929489136,-0.10464352369308472,-0.06756925582885742,-1.3612988022263837,0.07243236899375916,0.03535810112953186,0.037074267864227295,0,0,0,1,0,1,0,0,,,0
fixed8,6bba_fc83837d,98,ranking_fail,scorer_ranking,2,5,16.0,0.8333534859120846,17,17621,17808,0.02866217866539955,-1.8484631776809692,-1.5183675289154053,-2.178558826446533,0.03138967975974083,0.02474479004740715,5,2,10.779030568655049,-9.75,3.25,3.25,17590,17808,0.8620156645774841,1.555232048034668,1.7292017936706543,1.3812623023986816,0.8075851202011108,0.8699503540992737,1,1,1.625,0.0,0.0,1.625,-0.8333534859120846,-3.403695225715637,-3.2475693225860596,-3.559821128845215,-0.77619544044137,-0.8452055640518665,9.154030568655049,0.006644889712333679,0.06236523389816284,-0.05572034418582916,0,0,0,1,0,0,0,0,,,0
fixed8,6bba_fc83837d,36,ranking_fail,scorer_ranking,3,5,5.0,0.547031506896019,16,7970,8100,0.04555113613605499,-1.2516759634017944,-0.8760673999786377,-1.6272845268249512,0.047010790556669235,0.0431019626557827,5,3,11.490485194281398,-8.125,6.5,-4.875,7962,8100,0.592582643032074,1.313978672027588,1.580567479133606,1.0473897457122803,0.5484039187431335,0.625307023525238,1,1,2.2980970388562794,-1.625,0.0,-1.625,-0.547031506896019,-2.5656546354293823,-2.4566348791122437,-2.6746742725372314,-0.5013931281864643,-0.5822050608694553,9.192388155425117,0.003908827900886536,0.07690310478210449,-0.07299427688121796,0,0,0,1,0,0,0,0,,,0
fixed8,6bba_fc83837d,14,ranking_fail,scorer_ranking,2,3,4.0,0.7826446071267128,18,3709,3924,0.08062871545553207,-0.7408294081687927,-0.9977666139602661,-0.4838922321796417,0.04764983430504799,0.13140420615673065,3,2,8.900491559458949,-8.125,-3.25,1.625,3699,3924,0.8632733225822449,1.630047082901001,1.9407117366790771,1.3193824291229248,0.899966299533844,0.7975565791130066,1,1,1.625,-1.625,0.0,0.0,-0.7826446071267128,-2.3708764910697937,-2.9384783506393433,-1.8032746613025665,-0.852316465228796,-0.6661523729562759,7.275491559458949,0.08375437185168266,0.1024097204208374,-0.01865534856915474,0,0,0,1,0,0,0,0,,,0
